Year,Player Name,Club
2022,Lachie Neale,Brisbane Lions
2022,Charlie Curnow,Carlton
2022,Patrick Cripps,Carlton
2022,Adam Saad,Carlton
2022,Brayden Maynard,Collingwood
2022,Andrew Brayshaw,Fremantle
2022,Mark Blicavs,Geelong Cats
2022,Jeremy Cameron,Geelong Cats
2022,Tom Hawkins,Geelong Cats
2022,Tyson Stengle,Geelong Cats
2022,Tom Stewart,Geelong Cats
2022,Touk Miller,Gold Coast Suns
2022,Sam Taylor,GWS Giants
2022,Max Gawn,Melbourne
2022,Steven May,Melbourne
2022,Clayton Oliver,Melbourne
2022,Christian Petracca,Melbourne
2022,Connor Rozee,Port Adelaide
2022,Shai Bolton,Richmond
2022,Jack Sinclair,St Kilda
2022,Issac Heeney,Sydney Swans
2022,Callum Mills,Sydney Swans
2021,Daniel Rich,Brisbane Lions
2021,Sam Walsh,Carlton
2021,Harry McKay,Carlton
2021,Zach Merrett,Essendon
2021,Darcy Parish,Essendon
2021,Tom Stewart,Geelong Cats
2021,Tom Hawkins,Geelong Cats
2021,Touk Miller,Gold Coast Suns
2021,Toby Greene,GWS Giants
2021,Jake Lever,Melbourne
2021,Steven May,Melbourne
2021,Max Gawn,Melbourne
2021,Clayton Oliver,Melbourne
2021,Christian Petracca,Melbourne
2021,Aliir Aliir,Port Adelaide
2021,Ollie Wines,Port Adelaide
2021,Jack Steele,St Kilda
2021,Tom Papley,Sydney Swans
2021,Nic Naitanui,West Coast Eagles
2021,Bailey Dale,Western Bulldogs
2021,Jack Macrae,Western Bulldogs
2021,Marcus Bontempelli,Western Bulldogs
2020,Harris Andrews,Brisbane Lions
2020,Hugh McCluggage,Brisbane Lions
2020,Lachie Neale,Brisbane Lions
2020,Jacob Weitering,Carlton
2020,Taylor Adams,Collingwood
2020,Brayden Maynard,Collingwood
2020,Darcy Moore,Collingwood
2020,Scott Pendlebury,Collingwood
2020,Jordan Ridley,Essendon
2020,Nat Fyfe,Fremantle
2020,Luke Ryan,Fremantle
2020,Matt Taberner,Fremantle
2020,Mark Blicavs,Geelong Cats
2020,Patrick Dangerfield,Geelong Cats
2020,Cam Guthrie,Geelong Cats
2020,Tom Hawkins,Geelong Cats
2020,Menegola Sam,Geelong Cats
2020,Nick Haynes,GWS Giants
2020,Jack Gunston,Hawthorn
2020,Max Gawn,Melbourne
2020,Clayton Oliver,Melbourne
2020,Christian Petracca,Melbourne
2020,Travis Boak,Port Adelaide
2020,Zak Butters,Port Adelaide
2020,Darcy Byrne-Jones,Port Adelaide
2020,Charlie Dixon,Port Adelaide
2020,Tom Jonas,Port Adelaide
2020,Dylan Grimes,Richmond
2020,Dustin Martin,Richmond
2020,Nick Vlastuin,Richmond
2020,Dan Butler,St Kilda
2020,Jack Steele,St Kilda
2020,Tom Papley,Sydney Swans
2020,Andrew Gaff,West Coast Eagles
2020,Nic Naitanui,West Coast Eagles
2020,Liam Ryan,West Coast Eagles
2020,Sheppard Brad,West Coast Eagles
2020,Marcus Bontempelli,Western Bulldogs
2020,Caleb Daniel,Western Bulldogs
2020,Jack Macrae,Western Bulldogs
2019,Daniel Talia,Adelaide Crows
2019,Harris Andrews,Brisbane Lions
2019,Charlie Cameron,Brisbane Lions
2019,Hugh McCluggage,Brisbane Lions
2019,Lachie Neale,Brisbane Lions
2019,Dayne Zorko,Brisbane Lions
2019,Patrick Cripps,Carlton
2019,Brodie Grundy,Collingwood
2019,Scott Pendlebury,Collingwood
2019,Adam Treloar,Collingwood
2019,Nat Fyfe,Fremantle
2019,Michael Walters,Fremantle
2019,Gary Ablett,Geelong Cats
2019,Mark Blicavs,Geelong Cats
2019,Patrick Dangerfield,Geelong Cats
2019,Tom Hawkins,Geelong Cats
2019,Tim Kelly,Geelong Cats
2019,Tom Stewart,Geelong Cats
2019,Jeremy Cameron,GWS Giants
2019,Nick Haynes,GWS Giants
2019,James Sicily,Hawthorn
2019,Max Gawn,Melbourne
2019,Ben Brown,North Melbourne
2019,Ben Cunnington,North Melbourne
2019,Travis Boak,Port Adelaide
2019,Bachar Houli,Richmond
2019,Dylan Grimes,Richmond
2019,Dustin Martin,Richmond
2019,Dion Prestia,Richmond
2019,Dane Rampe,Sydney Swans
2019,Jack Darling,West Coast Eagles
2019,Andrew Gaff,West Coast Eagles
2019,Shannon Hurn,West Coast Eagles
2019,Jeremy McGovern,West Coast Eagles
2019,Brad Sheppard,West Coast Eagles
2019,Luke Shuey,West Coast Eagles
2019,Elliot Yeo,West Coast Eagles
2019,Marcus Bontempelli,Western Bulldogs
2019,Josh Dunkley,Western Bulldogs
2019,Jack Macrae,Western Bulldogs
2018,Rory Laird,Adelaide
2018,Patrick Cripps,Carlton
2018,Brodie Grundy,Collingwood
2018,Steele Sidebottom,Collingwood
2018,Patrick Dangerfield,Geelong
2018,Tom Stewart,Geelong
2018,Lachie Whitfield,Greater Western Sydney
2018,Luke Breust,Hawthorn
2018,Jack Gunston,Hawthorn
2018,Tom Mitchell,Hawthorn
2018,Max Gawn,Melbourne
2018,Clayton Oliver,Melbourne
2018,Shaun Higgins,North Melbourne
2018,Robbie Gray,Port Adelaide
2018,Shane Edwards,Richmond
2018,Dustin Martin,Richmond
2018,Alex Rance,Richmond
2018,Riewoldt Jack,Richmond
2018,Lance Franklin,Sydney Swans
2018,Andrew Gaff,West Coast
2018,Shannon Hurn,West Coast
2018,Jeremy McGovern,West Coast
2017,Eddie Betts,Adelaide
2017,Matt Crouch,Adelaide
2017,Rory Laird,Adelaide
2017,Dayne Zorko,Brisbane Lions
2017,Sam Docherty,Carlton
2017,Joe Daniher,Essendon
2017,Michael Hurley,Essendon
2017,Zach Merrett,Essendon
2017,Patrick Dangerfield,Geelong
2017,Joel Selwood,Geelong
2017,Josh Kelly,Greater Western Sydney
2017,Dylan Shiel,Greater Western Sydney
2017,Tom Mitchell,Hawthorn
2017,Michael Hibberd,Melbourne
2017,Robbie Gray,Port Adelaide
2017,Ryder Paddy,Port Adelaide
2017,Dustin Martin,Richmond
2017,Alex Rance,Richmond
2017,Lance Franklin,Sydney Swans
2017,Josh Kennedy,West Coast
2017,Jeremy McGovern,West Coast
2017,Elliot Yeo,West Coast
2016,Eddie Betts,Adelaide
2016,Rory Sloane,Adelaide
2016,Daniel Talia,Adelaide
2016,Patrick Dangerfield,Geelong
2016,Corey Enright,Geelong
2016,Joel Selwood,Geelong
2016,Tom Lynch,Gold Coast
2016,Toby Greene,Greater Western Sydney
2016,Heath Shaw,Greater Western Sydney
2016,Cyril Rioli,Hawthorn
2016,Max Gawn,Melbourne
2016,Alex Rance,Richmond
2016,Dustin Martin,Richmond
2016,Dane Rampe,Sydney Swans
2016,Josh Kennedy,Sydney Swans
2016,Daniel Hannebery,Sydney Swans
2016,Lance Franklin,Sydney Swans
2016,Luke Parker,Sydney Swans
2016,Jeremy McGovern,West Coast
2016,Josh Kennedy,West Coast
2016,Marcus Bontempelli,Western Bulldogs
2016,Matthew Boyd,Western Bulldogs
2015,Eddie Betts,Adelaide
2015,Patrick Dangerfield,Adelaide
2015,Michael Hurley,Essendon
2015,Nat Fyfe,Fremantle
2015,David Mundy,Fremantle
2015,Heath Shaw,Greater Western Sydney
2015,Josh Gibson,Hawthorn
2015,Sam Mitchell,Hawthorn
2015,Cyril Rioli,Hawthorn
2015,Todd Goldstein,North Melbourne
2015,Chad Wingard,Port Adelaide
2015,Brett Deledio,Richmond
2015,Alex Rance,Richmond
2015,Jack Riewoldt,Richmond
2015,Dan Hannebery,Sydney Swans
2015,Andrew Gaff,West Coast
2015,Josh Kennedy,West Coast
2015,Matt Priddis,West Coast
2015,Robert Murphy,Western Bulldogs
2015,Jake Stringer,Western Bulldogs
2015,Easton Wood,Western Bulldogs
2014,Brodie Smith,Adelaide
2014,Daniel Talia,Adelaide
2014,Tom Rockliff,Brisbane Lions
2014,Scott Pendlebury,Collingwood
2014,Dyson Heppell,Essendon
2014,Cale Hooker,Essendon
2014,Hayden Ballantyne,Fremantle
2014,Nat Fyfe,Fremantle
2014,Aaron Sandilands,Fremantle
2014,Joel Selwood,Geelong
2014,Gary Ablett jnr,Gold Coast
2014,Luke Breust,Hawthorn
2014,Lance Franklin,Hawthorn
2014,Jordan Lewis,Hawthorn
2014,Jarryd Roughead,Hawthorn
2014,Travis Boak,Port Adelaide
2014,Robbie Gray,Port Adelaide
2014,Alex Rance,Richmond
2014,Nick Riewoldt,St Kilda
2014,Josh Kennedy,Sydney Swans
2014,Nick Malceski,Sydney Swans
2014,Nick Smith,Sydney Swans
2013,Patrick Dangerfield,Adelaide
2013,Travis Cloke,Collingwood
2013,Scott Pendlebury,Collingwood
2013,Dane Swan,Collingwood
2013,Jobe Watson,Essendon
2013,Michael Johnson,Fremantle
2013,Corey Enright,Geelong
2013,Andrew Mackie,Geelong
2013,Joel Selwood,Geelong
2013,Harry Taylor,Geelong
2013,Gary Ablett jnr,Gold Coast
2013,Jeremy Cameron,Greater Western Sydney
2013,Sam Mitchell,Hawthorn
2013,Jarryd Roughead,Hawthorn
2013,Scott Thompson,North Melbourne
2013,Travis Boak,Port Adelaide
2013,Chad Wingard,Port Adelaide
2013,Hannebery Daniel,Sydney Swans
2013,Kieren Jack,Sydney Swans
2013,Jarrad McVeigh,Sydney Swans
2013,Ryan Griffen,Western Bulldogs
2013,Will Minson,Western Bulldogs
2012,Patrick Dangerfield,Adelaide
2012,Scott Thompson,Adelaide
2012,Dayne Beams,Collingwood
2012,Scott Pendlebury,Collingwood
2012,Dane Swan,Collingwood
2012,Jobe Watson,Essendon
2012,Luke McPharlin,Fremantle
2012,Tom Hawkins,Geelong
2012,Gary Ablett jnr,Gold Coast
2012,Grant Birchall,Hawthorn
2012,Lance Franklin,Hawthorn
2012,Cyril Rioli,Hawthorn
2012,Trent Cotchin,Richmond
2012,Brett Deledio,Richmond
2012,Sean Dempster,St Kilda
2012,Stephen Milne,St Kilda
2012,Josh Kennedy,Sydney Swans
2012,Ted Richards,Sydney Swans
2012,Dean Cox,West Coast
2012,Darren Glass,West Coast
2012,Nic Naitanui,West Coast
2012,Beau Waters,West Coast
2011,Chris Judd,Carlton
2011,Marc Murphy,Carlton
2011,Travis Cloke,Collingwood
2011,Leon Davis,Collingwood
2011,Scott Pendlebury,Collingwood
2011,Ben Reid,Collingwood
2011,Dane Swan,Collingwood
2011,Dale Thomas,Collingwood
2011,Corey Enright,Geelong
2011,James Kelly,Geelong
2011,Matthew Scarlett,Geelong
2011,Gary Ablett jnr,Gold Coast
2011,Lance Franklin,Hawthorn
2011,Sam Mitchell,Hawthorn
2011,Drew Petrie,North Melbourne
2011,Nick Dal Santo,St Kilda
2011,Stephen Milne,St Kilda
2011,Adam Goodes,Sydney Swans
2011,Dean Cox,West Coast
2011,Darren Glass,West Coast
2011,Matthew Boyd,Western Bulldogs
2011,Robert Murphy,Western Bulldogs
2010,Chris Judd,Carlton
2010,Alan Didak,Collingwood
2010,Heritier Lumumba,Collingwood
2010,Scott Pendlebury,Collingwood
2010,Dane Swan,Collingwood
2010,Aaron Sandilands,Fremantle
2010,Gary Ablett jnr,Geelong
2010,Paul Chapman,Geelong
2010,Corey Enright,Geelong
2010,Steve Johnson,Geelong
2010,Harry Taylor,Geelong
2010,Lance Franklin,Hawthorn
2010,Luke Hodge,Hawthorn
2010,Mark Jamar,Melbourne
2010,Jack Riewoldt,Richmond
2010,Brendon Goddard,St Kilda
2010,Leigh Montagna,St Kilda
2010,Mark LeCras,West Coast
2010,Barry Hall,Western Bulldogs
2010,Brian Lake,Western Bulldogs
2009,Jonathan Brown,Brisbane Lions
2009,Brendan Fevola,Carlton
2009,Chris Judd,Carlton
2009,Leon Davis,Collingwood
2009,Nick Maxwell,Collingwood
2009,Dane Swan,Collingwood
2009,Aaron Sandilands,Fremantle
2009,Gary Ablett jnr,Geelong
2009,Paul Chapman,Geelong
2009,Corey Enright,Geelong
2009,Matthew Scarlett,Geelong
2009,Joel Selwood,Geelong
2009,Nick Dal Santo,St Kilda
2009,Brendon Goddard,St Kilda
2009,Lenny Hayes,St Kilda
2009,Leigh Montagna,St Kilda
2009,Nick Riewoldt,St Kilda
2009,Craig Bolton,Sydney Swans
2009,Adam Goodes,Sydney Swans
2009,Matthew Boyd,Western Bulldogs
2009,Brian Lake,Western Bulldogs
2008,Nathan Bock,Adelaide
2008,Brendan Fevola,Carlton
2008,Chris Judd,Carlton
2008,Paul Medhurst,Collingwood
2008,Matthew Pavlich,Fremantle
2008,Aaron Sandilands,Fremantle
2008,Gary Ablett jnr,Geelong
2008,Jimmy Bartel,Geelong
2008,Joel Corey,Geelong
2008,Corey Enright,Geelong
2008,Tom Harley,Geelong
2008,Steve Johnson,Geelong
2008,Matthew Scarlett,Geelong
2008,Lance Franklin,Hawthorn
2008,Luke Hodge,Hawthorn
2008,Brent Harvey,North Melbourne
2008,Matthew Richardson,Richmond
2008,Sam Fisher,St Kilda
2008,Nick Riewoldt,St Kilda
2008,Dean Cox,West Coast
2008,Adam Cooney,Western Bulldogs
2008,Dale Morris,Western Bulldogs
2007,Andrew McLeod,Adelaide
2007,Jonathan Brown,Brisbane Lions
2007,Dustin Fletcher,Essendon
2007,Matthew Pavlich,Fremantle
2007,Gary Ablett jnr,Geelong
2007,Jimmy Bartel,Geelong
2007,Joel Corey,Geelong
2007,Matthew Egan,Geelong
2007,Steve Johnson,Geelong
2007,Cameron Ling,Geelong
2007,Darren Milburn,Geelong
2007,Cameron Mooney,Geelong
2007,Matthew Scarlett,Geelong
2007,Campbell Brown,Hawthorn
2007,Brent Harvey,North Melbourne
2007,Chad Cornes,Port Adelaide
2007,Kane Cornes,Port Adelaide
2007,Brendon Lade,Port Adelaide
2007,Dean Cox,West Coast
2007,Darren Glass,West Coast
2007,Daniel Kerr,West Coast
2007,Brad Johnson,Western Bulldogs
2006,Nathan Bassett,Adelaide
2006,Simon Goodwin,Adelaide
2006,Andrew McLeod,Adelaide
2006,Brendan Fevola,Carlton
2006,Alan Didak,Collingwood
2006,Matthew Pavlich,Fremantle
2006,James McDonald,Melbourne
2006,Shaun Burgoyne,Port Adelaide
2006,Brendon Lade,Port Adelaide
2006,Joel Bowden,Richmond
2006,Nick Riewoldt,St Kilda
2006,Craig Bolton,Sydney Swans
2006,Adam Goodes,Sydney Swans
2006,Barry Hall,Sydney Swans
2006,Ryan O'Keefe,Sydney Swans
2006,Ben Cousins,West Coast
2006,Dean Cox,West Coast
2006,Darren Glass,West Coast
2006,Chris Judd,West Coast
2006,Lindsay Gilbee,Western Bulldogs
2006,Brad Johnson,Western Bulldogs
2006,Scott West,Western Bulldogs
2005,Simon Goodwin,Adelaide
2005,Mark Ricciuto,Adelaide
2005,Ben Rutten,Adelaide
2005,James Clement,Collingwood
2005,Matthew Pavlich,Fremantle
2005,Trent Croad,Hawthorn
2005,Peter Everitt,Hawthorn
2005,Luke Hodge,Hawthorn
2005,Grant Shannon,North Melbourne
2005,Brent Harvey,North Melbourne
2005,Kane Cornes,Port Adelaide
2005,Joel Bowden,Richmond
2005,Luke Ball,St Kilda
2005,Nick Dal Santo,St Kilda
2005,Lenny Hayes,St Kilda
2005,Leo Barry,Sydney Swans
2005,Barry Hall,Sydney Swans
2005,Ben Cousins,West Coast
2005,Dean Cox,West Coast
2005,David Wirrpanda,West Coast
2005,Brad Johnson,Western Bulldogs
2005,Scott West,Western Bulldogs
2004,Mark Ricciuto,Adelaide
2004,Jason Akermanis,Brisbane Lions
2004,Simon Black,Brisbane Lions
2004,Chris Johnson,Brisbane Lions
2004,Nigel Lappin,Brisbane Lions
2004,Luke Power,Brisbane Lions
2004,Matthew Lappin,Carlton
2004,James Clement,Collingwood
2004,Adam McPhee,Essendon
2004,Matthew Scarlett,Geelong
2004,Jeff White,Melbourne
2004,Chad Cornes,Port Adelaide
2004,Warren Tredrea,Port Adelaide
2004,Fraser Gehrig,St Kilda
2004,Austinn Jones,St Kilda
2004,Nick Riewoldt,St Kilda
2004,Leo Barry,Sydney Swans
2004,Barry Hall,Sydney Swans
2004,Brett Kirk,Sydney Swans
2004,Chad Fletcher,West Coast
2004,Chris Judd,West Coast
2004,Scott West,Western Bulldogs
2003,Mark Ricciuto,Adelaide
2003,Nigel Lappin,Brisbane Lions
2003,Justin Leppitsch,Brisbane Lions
2003,Michael Voss,Brisbane Lions
2003,Nathan Buckley,Collingwood
2003,Chris Tarrant,Collingwood
2003,James Hird,Essendon
2003,Matthew Lloyd,Essendon
2003,Peter Bell,Fremantle
2003,Paul Hasleby,Fremantle
2003,Matthew Pavlich,Fremantle
2003,Matthew Scarlett,Geelong
2003,Joel Smith,Hawthorn
2003,Warren Tredrea,Port Adelaide
2003,Gavin Wanganeen,Port Adelaide
2003,Robert Harvey,St Kilda
2003,Lenny Hayes,St Kilda
2003,Adam Goodes,Sydney Swans
2003,Paul Williams,Sydney Swans
2003,Michael Gardiner,West Coast
2003,Phillip Matera,West Coast
2003,Rohan Smith,Western Bulldogs
2002,Ben Hart,Adelaide
2002,Mark Ricciuto,Adelaide
2002,Jason Akermanis,Brisbane Lions
2002,Simon Black,Brisbane Lions
2002,Chris Johnson,Brisbane Lions
2002,Nigel Lappin,Brisbane Lions
2002,Justin Leppitsch,Brisbane Lions
2002,Michael Voss,Brisbane Lions
2002,Matthew Pavlich,Fremantle
2002,Shane Crawford,Hawthorn
2002,David Neitz,Melbourne
2002,Adem Yze,Melbourne
2002,Glenn Archer,North Melbourne
2002,Adam Simpson,North Melbourne
2002,Josh Francou,Port Adelaide
2002,Brett Montgomery,Port Adelaide
2002,Matthew Primus,Port Adelaide
2002,Warren Tredrea,Port Adelaide
2002,Ben Cousins,West Coast
2002,Nathan Brown,Western Bulldogs
2002,Luke Darcy,Western Bulldogs
2002,Brad Johnson,Western Bulldogs
2001,Simon Goodwin,Adelaide
2001,Andrew McLeod,Adelaide
2001,Jason Akermanis,Brisbane Lions
2001,Simon Black,Brisbane Lions
2001,Nigel Lappin,Brisbane Lions
2001,Michael Voss,Brisbane Lions
2001,Andrew McKay,Carlton
2001,Brett Ratten,Carlton
2001,Nathan Buckley,Collingwood
2001,James Hird,Essendon
2001,Jason Johnson,Essendon
2001,Matthew Lloyd,Essendon
2001,Sean Wellman,Essendon
2001,Jonathan Hay,Hawthorn
2001,Joel Smith,Hawthorn
2001,Matthew Primus,Port Adelaide
2001,Warren Tredrea,Port Adelaide
2001,Gavin Wanganeen,Port Adelaide
2001,Darren Gaspar,Richmond
2001,Brad Ottens,Richmond
2001,Ben Cousins,West Coast
2001,Nathan Brown,Western Bulldogs
2000,Simon Goodwin,Adelaide
2000,Andrew McLeod,Adelaide
2000,Mark Ricciuto,Adelaide
2000,Scott Camporeale,Carlton
2000,Anthony Koutoufides,Carlton
2000,Andrew McKay,Carlton
2000,Brett Ratten,Carlton
2000,Lance Whitnall,Carlton
2000,Nathan Buckley,Collingwood
2000,Dustin Fletcher,Essendon
2000,Damien Hardwick,Essendon
2000,James Hird,Essendon
2000,Matthew Lloyd,Essendon
2000,Steven King,Geelong
2000,Jeff Farmer,Melbourne
2000,Wayne Carey,North Melbourne
2000,Brent Harvey,North Melbourne
2000,Darren Gaspar,Richmond
2000,Andrew Kellaway,Richmond
2000,Michael O'Loughlin,Sydney Swans
2000,Brad Johnson,Western Bulldogs
2000,Scott West,Western Bulldogs
1999,Ben Hart,Adelaide
1999,Jason Akermanis,Brisbane Lions
1999,Justin Leppitsch,Brisbane Lions
1999,Michael Voss,Brisbane Lions
1999,Matthew Allan,Carlton
1999,Andrew McKay,Carlton
1999,Stephen Silvagni,Carlton
1999,Nathan Buckley,Collingwood
1999,Matthew Lloyd,Essendon
1999,Mark Mercuri,Essendon
1999,Shane Crawford,Hawthorn
1999,Peter Bell,North Melbourne
1999,Wayne Carey,North Melbourne
1999,Byron Pickett,North Melbourne
1999,Wayne Campbell,Richmond
1999,Matthew Richardson,Richmond
1999,Nathan Burke,St Kilda
1999,Robert Harvey,St Kilda
1999,Wayne Schwass,Sydney Swans
1999,Ben Cousins,West Coast
1999,Chris Grant,Western Bulldogs
1999,Brad Johnson,Western Bulldogs
1998,Andrew McLeod,Adelaide
1998,Shaun Rehn,Adelaide
1998,Mark Ricciuto,Adelaide
1998,Nigel Smart,Adelaide
1998,Nathan Buckley,Collingwood
1998,Matthew Lloyd,Essendon
1998,Sean Wellman,Essendon
1998,Shane Crawford,Hawthorn
1998,Todd Viney,Melbourne
1998,Glenn Archer,North Melbourne
1998,Wayne Carey,North Melbourne
1998,David King,North Melbourne
1998,Anthony Stevens,North Melbourne
1998,Matthew Knights,Richmond
1998,Peter Everitt,St Kilda
1998,Robert Harvey,St Kilda
1998,Tony Lockett,Sydney Swans
1998,Ben Cousins,West Coast
1998,Ashley McIntosh,West Coast
1998,Chris Grant,Western Bulldogs
1998,Paul Hudson,Western Bulldogs
1998,Scott West,Western Bulldogs
1997,Tony Modra,Adelaide
1997,Mark Ricciuto,Adelaide
1997,Craig Bradley,Carlton
1997,Michael Sexton,Carlton
1997,Stephen Silvagni,Carlton
1997,Nathan Buckley,Collingwood
1997,Chris Grant,Footscray
1997,Rohan Smith,Footscray
1997,Paul Salmon,Hawthorn
1997,David King,North Melbourne
1997,Adam Heuskes,Port Adelaide
1997,Nathan Burke,St Kilda
1997,Peter Everitt,St Kilda
1997,Robert Harvey,St Kilda
1997,Austinn Jones,St Kilda
1997,Daryn Cresswell,Sydney Swans
1997,Paul Kelly,Sydney Swans
1997,Michael O'Loughlin,Sydney Swans
1997,Paul Roos,Sydney Swans
1997,Fraser Gehrig,West Coast
1997,Peter Matera,West Coast
1996,Darren Jarman,Adelaide
1996,Craig Lambert,Brisbane Lions
1996,Michael Voss,Brisbane Lions
1996,Michael Sexton,Carlton
1996,Stephen Silvagni,Carlton
1996,Nathan Buckley,Collingwood
1996,James Hird,Essendon
1996,Garry Hocking,Geelong
1996,Shane Crawford,Hawthorn
1996,Glenn Archer,North Melbourne
1996,Wayne Carey,North Melbourne
1996,Corey McKernan,North Melbourne
1996,Matthew Richardson,Richmond
1996,Nathan Burke,St Kilda
1996,Robert Harvey,St Kilda
1996,Paul Kelly,Sydney Swans
1996,Tony Lockett,Sydney Swans
1996,Paul Roos,Sydney Swans
1996,Chris Mainwaring,West Coast
1996,Peter Matera,West Coast
1996,Mitchell White,West Coast
1995,Craig Bradley,Carlton
1995,Ang Christou,Carlton
1995,Anthony Koutoufides,Carlton
1995,Justin Madden,Carlton
1995,Stephen Silvagni,Carlton
1995,James Hird,Essendon
1995,Michael Long,Essendon
1995,Gavin Wanganeen,Essendon
1995,Gary Ablett snr,Geelong
1995,Paul Couch,Geelong
1995,Michael Mansfield,Geelong
1995,Darren Jarman,Hawthorn
1995,Garry Lyon,Melbourne
1995,David Neitz,Melbourne
1995,Wayne Carey,North Melbourne
1995,Wayne Campbell,Richmond
1995,Robert Harvey,St Kilda
1995,Nicky Winmar,St Kilda
1995,Paul Kelly,Sydney Swans
1995,Tony Lockett,Sydney Swans
1995,Glen Jakovich,West Coast
1994,Shaun Rehn,Adelaide
1994,Mark Ricciuto,Adelaide
1994,Craig Bradley,Carlton
1994,Stephen Kernahan,Carlton
1994,Stephen Silvagni,Carlton
1994,Greg Williams,Carlton
1994,Gavin Brown,Collingwood
1994,Gary Ablett snr,Geelong
1994,Garry Hocking,Geelong
1994,Michael Mansfield,Geelong
1994,Ben Allan,Hawthorn
1994,Jason Dunstall,Hawthorn
1994,Chris Langford,Hawthorn
1994,Garry Lyon,Melbourne
1994,Stephen Tingay,Melbourne
1994,Wayne Carey,North Melbourne
1994,Robert Harvey,St Kilda
1994,David Hart,West Coast
1994,Glen Jakovich,West Coast
1994,Peter Matera,West Coast
1994,Guy McKenna,West Coast
1993,Greg Anderson,Adelaide
1993,Ben Hart,Adelaide
1993,Tony McGuinness,Adelaide
1993,Tony Modra,Adelaide
1993,Nigel Smart,Adelaide
1993,Craig Bradley,Carlton
1993,Andrew McKay,Carlton
1993,Greg Williams,Carlton
1993,Mark Harvey,Essendon
1993,Gavin Wanganeen,Essendon
1993,Alastair Lynch,Fitzroy
1993,Gary Ablett snr,Geelong
1993,Garry Hocking,Geelong
1993,Ben Allan,Hawthorn
1993,Garry Lyon,Melbourne
1993,Jim Stynes,Melbourne
1993,Wayne Carey,North Melbourne
1993,Nathan Burke,St Kilda
1993,Peter Matera,West Coast
1993,Guy McKenna,West Coast
1992,Ben Hart,Adelaide
1992,Chris McDermott,Adelaide
1992,Tony McGuinness,Adelaide
1992,Mil Hanna,Carlton
1992,Stephen Kernahan,Carlton
1992,Mick McGuane,Collingwood
1992,Gavin Wanganeen,Essendon
1992,Paul Roos*,Fitzroy
1992,Scott Wynd,Footscray
1992,Gary Ablett snr,Geelong
1992,Mark Bairstow,Geelong
1992,Ken Hinkley,Geelong
1992,Barry Stoneham,Geelong
1992,Jason Dunstall,Hawthorn
1992,Darren Jarman,Hawthorn
1992,John Platten,Hawthorn
1992,Robert Harvey,St Kilda
1992,Tony Lockett,St Kilda
1992,Stewart Loewe,St Kilda
1992,Dean Kemp,West Coast
1991,Nigel Smart,Adelaide
1991,Gavin Brown,Collingwood
1991,Tony Francis,Collingwood
1991,Anthony Daniher,Essendon
1991,Paul Roos*,Fitzroy
1991,Mark Bairstow,Geelong
1991,Billy Brownless,Geelong
1991,Paul Couch,Geelong
1991,Ken Hinkley,Geelong
1991,Garry Hocking,Geelong
1991,Jim Stynes,Melbourne
1991,David Grant,St Kilda
1991,Tony Lockett,St Kilda
1991,Stewart Loewe,St Kilda
1991,Nicky Winmar,St Kilda
1991,Barry Mitchell,Sydney Swans
1991,Chris Mainwaring,West Coast
1991,Peter Matera,West Coast
1991,Guy McKenna,West Coast
1991,Craig Turley,West Coast
1990,Stephen Kernahan,Carlton
1990,Stephen Silvagni,Carlton
1990,Peter Daicos,Collingwood
1990,Mick McGuane,Collingwood
1990,Darren Millane,Collingwood
1990,Scott Russell,Collingwood
1990,Tony Shaw,Collingwood
1990,Graham Wright,Collingwood
1990,Simon Madden,Essendon
1990,Gary O'Donnell,Essendon
1990,Mark Thompson,Essendon
1990,Tony Liberatore,Footscray
1990,Tony McGuinness,Footscray
1990,Gary Ablett snr,Geelong
1990,Andrew Collins,Hawthorn
1990,Michael Tuck,Hawthorn
1990,Brett Lovett,Melbourne
1990,Garry Lyon,Melbourne
1990,John Longmire,North Melbourne
1990,Stewart Loewe,St Kilda
1990,Chris Lewis,West Coast
1990,John Worsfold,West Coast
1989,Stephen Kernahan,Carlton
1989,Gavin Brown,Collingwood
1989,Terry Daniher,Essendon
1989,Simon Madden,Essendon
1989,Tim Watson,Essendon
1989,Gary Pert,Fitzroy
1989,Gary Ablett snr,Geelong
1989,Mark Bairstow,Geelong
1989,Andrew Bews,Geelong
1989,Paul Couch,Geelong
1989,Barry Stoneham,Geelong
1989,Jason Dunstall,Hawthorn
1989,Chris Langford,Hawthorn
1989,John Platten,Hawthorn
1989,Darrin Pritchard,Hawthorn
1989,Alan Johnson,Melbourne
1989,Brett Lovett,Melbourne
1989,Garry Lyon,Melbourne
1989,Nicky Winmar,St Kilda
1989,Mark Bayes,Sydney Swans
1989,Greg Williams,Sydney Swans
1989,Guy McKenna,West Coast
1988,Mark Mickan*,Brisbane Bears
1988,Craig Bradley,Carlton
1988,Stephen Kernahan,Carlton
1988,Stephen Kernahan*,Carlton
1988,Stephen Silvagni,Carlton
1988,Peter Daicos,Collingwood
1988,Shane Morwood,Collingwood
1988,Terry Daniher*,Essendon
1988,Simon Madden,Essendon
1988,Simon Madden*,Essendon
1988,Paul Salmon*,Essendon
1988,Darren Kappler,Fitzroy
1988,Paul Roos*,Fitzroy
1988,Tony McGuinness*,Footscray
1988,Michael McLean*,Footscray
1988,Terry Wallace*,Footscray
1988,Bruce Lindner*,Geelong
1988,Gary Ayres,Hawthorn
1988,Dermott Brereton,Hawthorn
1988,Gary Buckenara,Hawthorn
1988,Jason Dunstall,Hawthorn
1988,Tony Hall*,Hawthorn
1988,Chris Langford,Hawthorn
1988,John Platten,Hawthorn
1988,John Platten*,Hawthorn
1988,Danny Hughes*,Melbourne
1988,Brett Lovett,Melbourne
1988,Steve O'Dwyer,Melbourne
1988,Matthew Larkin,North Melbourne
1988,Martin Leslie*,Port Adelaide
1988,Dale Weightman,Richmond
1988,Dale Weightman*,Richmond
1988,Maurice Rioli*,South Fremantle
1988,Danny Frawley,St Kilda
1988,Danny Frawley*,St Kilda
1988,Michael Long*,St Marys
1988,Greg Whittlesea*,Sturt
1988,Gerard Healy,Sydney Swans
1988,Gerard Healy*,Sydney Swans
1988,Barry Mitchell,Sydney Swans
1988,David Murphy*,Sydney Swans
1988,Greg Williams,Sydney Swans
1988,Steve Malaxos*,West Coast
1988,John Worsfold,West Coast
1987,Matthew Campbell*,Brisbane Bears
1987,Wayne Johnston,Carlton
1987,Stephen Kernahan,Carlton
1987,Justin Madden,Carlton
1987,Mark Naley*,Carlton
1987,David Rhys-Jones,Carlton
1987,Simon Madden,Essendon
1987,Simon Madden*,Essendon
1987,Paul Salmon*,Essendon
1987,Matthew Rendell*,Fitzroy
1987,Paul Roos*,Fitzroy
1987,Paul Roos*,Fitzroy
1987,Tony McGuinness,Footscray
1987,Mark Bairstow,Geelong
1987,Mark Bairstow*,Geelong
1987,Andrew Bews,Geelong
1987,Andrew Bews*,Geelong
1987,Mark Bos,Geelong
1987,Bruce Lindner*,Geelong
1987,Chris McDermott*,Glenelg
1987,Scott Salisbury*,Glenelg
1987,Robert DiPierdomenico,Hawthorn
1987,Chris Langford,Hawthorn
1987,Chris Langford*,Hawthorn
1987,Russell Morris,Hawthorn
1987,Russell Morris*,Hawthorn
1987,John Platten,Hawthorn
1987,John Platten*,Hawthorn
1987,Steven Stretch,Melbourne
1987,Sean Wight,Melbourne
1987,Andrew Jarman*,North Adelaide
1987,Jim Krakouer,North Melbourne
1987,Greg Anderson*,Port Adelaide
1987,Dale Weightman,Richmond
1987,Tony Lockett,St Kilda
1987,Gerard Healy,Sydney Swans
1987,Gerard Healy*,Sydney Swans
1987,Craig Holden*,Sydney Swans
1987,Bernard Toohey*,Sydney Swans
1987,Greg Williams,Sydney Swans
1987,Greg Williams*,Sydney Swans
1987,Ross Glendinning,West Coast
1987,Phil Narkle*,West Coast
1987,Andrew Rogers*,Woodville
1986,Wayne Blackwell,Carlton
1986,Craig Bradley,Carlton
1986,Craig Bradley*,Carlton
1986,Stephen Kernahan*,Carlton
1986,Justin Madden,Carlton
1986,Steve Malaxos*,Claremont
1986,Michael Mitchell*,Claremont
1986,Brian Taylor,Collingwood
1986,Brian Peake*,East Fremantle
1986,Peter Wilson*,East Fremantle
1986,Terry Daniher,Essendon
1986,Glenn Hawker,Essendon
1986,Mark Thompson,Essendon
1986,Kevin Walsh*,Essendon
1986,Gary Pert,Fitzroy
1986,Paul Roos*,Fitzroy
1986,Brad Hardie*,Footscray
1986,Doug Hawkins,Footscray
1986,Brian Royal*,Footscray
1986,Gary Ablett snr,Geelong
1986,Chris McDermott*,Glenelg
1986,Gary Ayres,Hawthorn
1986,Dermott Brereton,Hawthorn
1986,Gary Buckenara,Hawthorn
1986,Gary Buckenara*,Hawthorn
1986,Greg Dear,Hawthorn
1986,Robert DiPierdomenico,Hawthorn
1986,John Platten,Hawthorn
1986,John Platten*,Hawthorn
1986,Andrew Jarman*,North Adelaide
1986,Jim Krakouer,North Melbourne
1986,Michael Aish*,Norwood
1986,Robert Wiley*,Perth
1986,Maurice Rioli*,Richmond
1986,Dale Weightman,Richmond
1986,Dale Weightman*,Richmond
1986,Mark Naley*,South Adelaide
1986,Laurie Keene*,Subiaco
1986,Andrew Macnish*,Subiaco
1986,Dennis Carroll,Sydney Swans
1986,Gerard Healy,Sydney Swans
1986,Gerard Healy*,Sydney Swans
1986,Greg Williams,Sydney Swans
1986,Greg Williams*,Sydney Swans
1985,John Platten*,Central Dist
1985,Michael Mitchell*,Claremont
1985,Geoff Raines*,Collingwood
1985,Leon Baker*,Essendon
1985,Terry Daniher*,Essendon
1985,Garry Foulds*,Essendon
1985,Mark Harvey*,Essendon
1985,Roger Merrett*,Essendon
1985,Gary Pert*,Fitzroy
1985,Paul Roos*,Fitzroy
1985,Stephen Kernahan*,Glenelg
1985,Dermott Brereton*,Hawthorn
1985,Gary Buckenara*,Hawthorn
1985,Russell Greene*,Hawthorn
1985,Rod Lester-Smith*,Hawthorn
1985,Craig Bradley*,Port Adelaide
1985,Mark Lee*,Richmond
1985,Dale Weightman*,Richmond
1985,Peter Motley*,Sturt
1985,Malcolm Blight*,Woodville
1984,Rod Ashman,Carlton
1984,Bruce Doull,Carlton
1984,Denis Banks,Collingwood
1984,Tony Shaw,Collingwood
1984,Leon Baker,Essendon
1984,Terry Daniher,Essendon
1984,Simon Madden,Essendon
1984,Bernie Quinlan,Fitzroy
1984,Ross Thornton,Fitzroy
1984,Doug Hawkins,Footscray
1984,Andrew Purser,Footscray
1984,Gary Ablett snr,Geelong
1984,Robert DiPierdomenico,Hawthorn
1984,Russell Greene,Hawthorn
1984,Chris Mew,Hawthorn
1984,Robert Flower,Melbourne
1984,Gerard Healy,Melbourne
1984,Peter Moore,Melbourne
1984,Ross Glendinning,North Melbourne
1984,Kym Hodgeman,North Melbourne
1984,Terry Daniher*,NSW
1984,"Rioli, Maurice*",NT
1984,"Lee, Mark",Richmond
1984,Craig Bradley*,SA
1984,Stephen Kernahan*,SA
1984,Garry McIntosh*,SA
1984,Peter Motley*,SA
1984,John Platten*,SA
1984,Greg Burns,St Kilda
1984,David Ackerly,Sydney Swans
1984,Bernie Evans,Sydney Swans
1984,Gary Ablett snr*,Vic
1984,David Ackerly*,Vic
1984,Robert Flower*,Vic
1984,Russell Greene*,Vic
1984,Gerard Healy*,Vic
1984,Wayne Johnston*,Vic
1984,Simon Madden*,Vic
1984,Roger Merrett*,Vic
1984,Michael Tuck*,Vic
1984,Leon Baker*,WA
1984,Allen Daniels*,WA
1984,Ross Glendinning*,WA
1984,Brad Hardie*,WA
1984,Paul Harding*,WA
1984,Steve Malaxos*,WA
1984,Murray Rance*,WA
1984,Robert Wiley*,WA
1983,Des English,Carlton
1983,Ken Hunter,Carlton
1983,Bill Picken,Collingwood
1983,Michael Richardson*,Collingwood
1983,Kevin Taylor*,East Fremantle
1983,Terry Daniher,Essendon
1983,Terry Daniher*,Essendon
1983,Simon Madden,Essendon
1983,Simon Madden*,Essendon
1983,Tim Watson,Essendon
1983,Bernie Quinlan,Fitzroy
1983,Matthew Rendell*,Fitzroy
1983,Brian Royal,Footscray
1983,Gary Malarkey,Geelong
1983,Gary Ayres,Hawthorn
1983,Gary Buckenara*,Hawthorn
1983,Russell Greene,Hawthorn
1983,Leigh Matthews,Hawthorn
1983,Michael Tuck,Hawthorn
1983,Michael Tuck*,Hawthorn
1983,Terry Wallace,Hawthorn
1983,Robert Flower,Melbourne
1983,Robert Flower*,Melbourne
1983,Ross Glendinning,North Melbourne
1983,Ross Glendinning*,North Melbourne
1983,Keith Greig*,North Melbourne
1983,Stephen McCann*,North Melbourne
1983,Michael Aish*,Norwood
1983,Craig Bradley*,Port Adelaide
1983,Steve Curtis*,Port Adelaide
1983,Tony Giles*,Port Adelaide
1983,Mark Lee,Richmond
1983,Mark Lee*,Richmond
1983,Maurice Rioli,Richmond
1983,Maurice Rioli*,Richmond
1983,Stephen Michael*,South Fremantle
1983,Geoff Cunningham,St Kilda
1983,Peter Motley*,Sturt
1983,Mark Browning,Sydney Swans
1983,Craig Williams*,West Adelaide
1982,Rod Ashman,Carlton
1982,Jim Buckley,Carlton
1982,Mike Fitzpatrick,Carlton
1982,Ken Hunter,Carlton
1982,Peter Daicos,Collingwood
1982,Paul Vander Haar,Essendon
1982,Leigh Matthews,Hawthorn
1982,Kelvin Moore,Hawthorn
1982,David O'Halloran,Hawthorn
1982,Terry Wallace,Hawthorn
1982,Robert Flower,Melbourne
1982,Gerard Healy,Melbourne
1982,Steven Icke,Melbourne
1982,Brian Wilson,Melbourne
1982,Malcolm Blight,North Melbourne
1982,Gary Dempsey,North Melbourne
1982,Ross Glendinning,North Melbourne
1982,Barry Rowlings,Richmond
1982,David Ackerly,Sydney Swans
1982,Greg Smith,Sydney Swans
1980,Robbert Klomp*,Carlton
1980,Geoff Southby*,Carlton
1980,Ken Hunter*,Claremont
1980,Mark Williams*,Collingwood
1980,Brian Peake*,East Fremantle
1980,Garry Wilson*,Fitzroy
1980,Ian Nankervis*,Geelong
1980,Peter Carey*,Glenelg
1980,Graham Cornes*,Glenelg
1980,Keith Kuhlmann*,Glenelg
1980,Robert Flower*,Melbourne
1980,Darryl Sutton*,North Melbourne
1980,Greg Phillips*,Port Adelaide
1980,Jim Jess*,Richmond
1980,Mark Lee*,Richmond
1980,Geoff Raines*,Richmond
1980,John Roberts*,South Melbourne
1980,Bruce Duperouzel*,St Kilda
1980,Rick Davies*,Sturt
1980,Ron Stubbs*,Ulverstone
1979,Bruce Doull*,Carlton
1979,Peter Jonas*,Central Dist
1979,Ken Hunter*,Claremont
1979,Peter Moore*,Collingwood
1979,Tony Buhagiar*,East Fremantle
1979,Brian Peake*,East Fremantle
1979,Garry Wilson*,Fitzroy
1979,Gary Malarkey*,Geelong
1979,Michael Turner*,Geelong
1979,Peter Carey*,Glenelg
1979,Kym Hodgeman*,Glenelg
1979,Kelvin Moore*,Hawthorn
1979,Michael Tuck*,Hawthorn
1979,Graham Cornes*,North Melbourne
1979,Darryl Sutton*,North Melbourne
1979,David Cloke*,Richmond
1979,Bruce Monteath*,Richmond
1979,Michael Roach*,Richmond
1979,Des James*,Sandy Bay
1979,Geoff Morris*,West Adelaide
1972,Alex Jesaulenko*,Carlton
1972,Peter McKenna*,Collingwood
1972,Len Thompson*,Collingwood
1972,Malcolm Brown*,East Perth
1972,Ken McAullay*,East Perth
1972,John Williams*,Essendon
1972,Gary Dempsey*,Footscray
1972,David Thorpe*,Footscray
1972,David Clarke*,Geelong
1972,Leigh Matthews*,Hawthorn
1972,Gary Hardeman*,Melbourne
1972,Ian Miller*,Perth
1972,Jim Leitch*,Scottsdale
1972,Brian Ciccotosto*,South Fremantle
1972,Travis Payze*,St Kilda
1972,Anthony Burgan*,Sturt
1972,George Young*,Subiaco
1972,Bob Beecroft*,Swan Dists
1972,Alan Watling*,West Perth
1972,Malcolm Blight*,Woodville
1969,Alex Jesaulenko*,Carlton
1969,John Nicholls*,Carlton
1969,John McIntosh*,Claremont
1969,Terry Waters*,Collingwood
1969,Ricky Watt*,Collingwood
1969,John Newman*,Geelong
1969,Brian Colbey*,Glenelg
1969,Peter Hudson*,Hawthorn
1969,Bob Keddie*,Hawthorn
1969,Peter Steward*,North Melbourne
1969,Graham Molloy*,Norwood
1969,Greg Brehaut*,Perth
1969,Barry Cable*,Perth
1969,John Cahill*,Port Adelaide
1969,Royce Hart*,Richmond
1969,Peter Darley*,South Adelaide
1969,Bob Murray*,St Kilda
1969,Rick Schoff*,Sturt
1969,Peter Eakins*,Subiaco
1969,Bill Walker*,Swan Dists
1966,John Goold*,Carlton
1966,John Nicholls*,Carlton
1966,John McIntosh*,Claremont
1966,Keith Doncon*,East Perth
1966,Kevin Murray*,East Perth
1966,Ian Bryant*,Footscray
1966,Denis Marshall*,Geelong
1966,Graeme Lee*,Launceston
1966,Hassa Mann*,Melbourne
1966,Peter Hudson*,New Norfolk
1966,Noel Teasdale*,North Melbourne
1966,Barry Cable*,Perth
1966,Neville Crowe*,Richmond
1966,Graeme John*,South Melbourne
1966,Darrel Baldock*,St Kilda
1966,Ian Stewart*,St Kilda
1966,Brenton Adcock*,Sturt
1966,Rick Schoff*,Sturt
1966,Brian Sarre*,Subiaco
1966,Robert Day*,West Adelaide
1961,"Jack, K. Clarke*",East Fremantle
1961,Ray Sorrell*,East Fremantle
1961,Graham Farmer*,East Perth
1961,John Schultz*,Footscray
1961,Ted Whitten snr*,Footscray
1961,Darrel Baldock*,Latrobe
1961,Ron Barassi*,Melbourne
1961,Brian Dixon*,Melbourne
1961,Don Lindner*,North Adelaide
1961,Bob Withers*,North Launceston
1961,Allen Aylett*,North Melbourne
1961,Bill Wedding*,Norwood
1961,John Abley*,Port Adelaide
1961,John Todd*,South Fremantle
1961,John Halbert*,Sturt
1961,Neil Kerley*,West Adelaide
1961,Don Roach*,West Adelaide
1961,Ray Gabelich*,West Perth
1961,Geoff Kingston*,West Torr
1961,Bob Shearman*,West Torr
1958,"Jack, K. Clarke*",East Fremantle
1958,Alan Preen*,East Fremantle
1958,Norm Rogers*,East Fremantle
1958,Ray Sorrell*,East Fremantle
1958,Graham Farmer*,East Perth
1958,Reg Burgess*,Essendon
1958,"Jack, E. Clarke*",Essendon
1958,Owen Abrahams*,Fitzroy
1958,Kevin Murray*,Fitzroy
1958,Ted Whitten snr*,Footscray
1958,Bob Davis*,Geelong
1958,Ron Barassi*,Melbourne
1958,Stuart Spencer*,Melbourne
1958,Barry Metcalfe*,Mordialloc
1958,Jim Ross*,North Launceston
1958,Allen Aylett*,North Melbourne
1958,John Dugdale*,North Melbourne
1958,John Abley*,Port Adelaide
1958,Neil Roberts*,St Kilda
1958,Don Gale*,Wynyard
1956,John Chick*,Carlton
1956,Geoff Long*,City
1956,"Jack, K. Clarke*",East Fremantle
1956,Graham Farmer*,East Perth
1956,"Jack, E. Clarke*",Essendon
1956,Bill Hutchison*,Essendon
1956,Ted Whitten snr*,Footscray
1956,Peter Pianto*,Geelong
1956,Ron Barassi*,Melbourne
1956,Barry Strange*,New Town
1956,Haydn Bunton jnr*,North Adelaide
1956,Keith Harper*,Perth
1956,John Abley*,Port Adelaide
1956,Frank Johnson*,Port Melbourne
1956,Des Rowe*,Richmond
1956,Roy Wright*,Richmond
1956,John Gerovich*,South Fremantle
1956,Cliff Hillier*,South Fremantle
1956,Stan Costello*,West Adelaide
1956,Lindsay Head*,West Torr
1953,Jack Howell*,Carlton
1953,Des Healey*,Collingwood
1953,Bob Rose*,Collingwood
1953,"Jack, K. Clarke*",East Fremantle
1953,"Jack, E. Clarke*",Essendon
1953,John Coleman*,Essendon
1953,Bill Hutchison*,Essendon
1953,Bernie Smith*,Geelong
1953,Neil Davies*,Glenelg
1953,John Leedham*,North Launceston
1953,John Marriott*,Norwood
1953,Merv McIntosh*,Perth
1953,Frank Johnson*,Port Melbourne
1953,Ted Henrys*,Preston
1953,Steve Marsh*,South Fremantle
1953,Len Fitzgerald*,Sturt
1953,Clayton Thompson*,Sturt
1953,Frank Sparrow*,Swan Dists
1953,Jack Lynch*,West Adelaide
1953,Bob Hank*,West Torrens